Year,Value
2020,36650.48962
2021,37781.77548
2022,36107.81487
2023,35708.11702
2024,35784.30995
